Scraped_Title,Price,Rating,Reviews
"Ball Bearing - Energy However 893",7168.27,3.3,10000
"Spiral Gasket - Easy Respond 201",6629.48,2.4,10000
"Coupling - Month Hair 170",8588.42,2.1,10000
"Spiral Gasket - Travel Several 519",3990.21,2.7,10000
"Coupling - Answer Seat 607",9127.49,2.5,10000
"Spiral Gasket - Easy Respond 201",6629.48,2.4,10000
"Clamp - Good Have 938",7466.42,2.4,10000
"Spiral Gasket - Travel Several 519",3990.21,2.7,10000
"Coupling - Month Hair 170",8588.42,2.1,10000
"Coupling - Answer Seat 607",9127.49,2.5,10000
"Clamp - Good Have 938",7466.42,2.4,10000
"Hydraulic Filter - Knowledge Mention 987",2948.99,2.3,9999
"Tool Kit - Growth Dream 704",8233.99,2.1,9999
"Clamp - Through We 741",7755.37,2.1,9999
"Hydraulic Filter - Knowledge Mention 987",2948.99,2.3,9999
"Hydraulic Filter - Management Exactly 687",8044.05,3.2,9998
"Hydraulic Filter - Herself Develop 784",3726.77,2.4,9998
"Air Filter - Third Federal 821",2196.55,2.5,9998
"Air Filter - Third Federal 821",2196.55,2.5,9998
"Hydraulic Filter - Management Exactly 687",8044.05,3.2,9998
"Hydraulic Filter - Herself Develop 784",3726.77,2.4,9998
"Ball Bearing - Picture Consumer 541",6329.88,2.9,9998
"Hydraulic Filter - Certainly This 376",3374.67,2.3,9997
"Ball Bearing - Community Personal 208",1448.62,2.3,9997
"Ball Bearing - Peace Subject 114",604.21,3.3,9997
"Clamp - Fall Method 800",7941.18,2.4,9997
"Hydraulic Filter - Certainly This 376",3374.67,2.3,9997
"Ball Bearing - Community Personal 208",1448.62,2.3,9997
"Ball Bearing - Peace Subject 114",604.21,3.3,9997
"Clamp - Fall Method 800",7941.18,2.4,9997
"Spiral Gasket - Human Watch 765",8426.96,3,9997
"Spiral Gasket - Agree Itself 432",5291.66,2.7,9996
"Air Filter - Entire Feel 167",1277.33,3,9996
"Air Filter - Entire Feel 167",1277.33,3,9996
"Clamp - Magazine Field 907",8385.48,2.7,9995
"Clamp - Magazine Field 907",8385.48,2.7,9995
"Clamp - Instead Citizen 413",7614.02,2.6,9995
"Ball Bearing - Later Than 676",3084.74,2.7,9994
"Clamp - Sound Back 437",9661.12,3.1,9994
"Air Filter - Then Upon 946",8738.70,3.2,9994
"Coupling - Teach Since 114",1473.38,3.2,9994
"Coupling - Who Trouble 881",4543.50,2.9,9994
"Ball Bearing - Nothing Lawyer 861",5347.68,2.9,9994
"Coupling - Teach Since 114",1473.38,3.2,9994
"Air Filter - Best Discussion 679",1686.44,3.2,9993
"Seal Ring - Be Enjoy 471",7182.47,2.5,9993
"Air Filter - Half Training 761",7302.57,2.2,9993
"Hydraulic Filter - Brother Nice 102",6764.61,2.9,9993
"Clamp - Painting Glass 467",7145.80,2.7,9993
"Ball Bearing - Key Next 806",9261.19,2.6,9993
"Spiral Gasket - Piece Worker 576",6277.69,3,9993
"Air Filter - Best Discussion 679",1686.44,3.2,9993
"Air Filter - Half Training 761",7302.57,2.2,9993
"Hydraulic Filter - Brother Nice 102",6764.61,2.9,9993
"Seal Ring - Be Enjoy 471",7182.47,2.5,9993
"Air Filter - Where Street 799",1669.98,2,9992
"Coupling - Behavior Ready 507",569.78,3.4,9992
"Hydraulic Filter - Consider Address 434",497.74,3.1,9992
"Hydraulic Filter - Consider Address 434",497.74,3.1,9992
"Coupling - Behavior Ready 507",569.78,3.4,9992
"Air Filter - Where Street 799",1669.98,2,9992
"Ball Bearing - Should Hotel 818",3339.69,2.8,9992
"Ball Bearing - Lawyer When 386",4653.82,3.3,9992
"Ball Bearing - Garden Ground 726",9530.16,2.9,9991
"Coupling - Treatment Spring 259",2153.15,3.2,9991
"Hydraulic Filter - Pm Already 942",4244.34,3.2,9991
"Air Filter - Then Indeed 594",3869.93,2.8,9991
"Hydraulic Filter - Pm Already 942",4244.34,3.2,9991
"Air Filter - Then Indeed 594",3869.93,2.8,9991
"Coupling - Wall Nature 768",5153.44,3.2,9990
"Ball Bearing - Blood Oil 237",2999.71,2.3,9990
"Hose Pipe - They Interest 827",6367.19,2.1,9990
"Ball Bearing - Blood Oil 237",2999.71,2.3,9990
"Hydraulic Filter - Rise Meeting 226",6805.57,2.2,9990
"Hose Pipe - They Interest 827",6367.19,2.1,9990
"Coupling - Wall Nature 768",5153.44,3.2,9990
"Hose Pipe - Specific Shake 639",2322.68,2.7,9989
"Clamp - Democrat Draw 791",2854.99,3.2,9989
"Hose Pipe - Specific Shake 639",2322.68,2.7,9989
"Clamp - Democrat Draw 791",2854.99,3.2,9989
"Clamp - Information Eye 412",6547.66,3,9989
"Tool Kit - Out Organization 685",5160.74,2.5,9988
"Ball Bearing - Far Which 570",5866.32,3.2,9988
"Rubber Gasket - Deal Pretty 126",9366.71,3.1,9988
"Air Filter - Heart Because 230",7511.48,2.7,9988
"Clamp - Itself Thousand 671",8637.28,3.2,9988
"Air Filter - Cultural Possible 213",6213.13,3.3,9988
"Air Filter - Office Character 477",1722.30,2.6,9988
"Rubber Gasket - Deal Pretty 126",9366.71,3.1,9988
"Air Filter - Heart Because 230",7511.48,2.7,9988
"Hydraulic Filter - Instead But 904",5557.05,2,9987
"Hydraulic Filter - Instead But 904",5557.05,2,9987
"Rubber Gasket - Simply Toward 624",110.83,2.5,9987
"Spiral Gasket - Free Ground 699",4782.06,2.6,9987
"Air Filter - Find Policy 682",8581.76,2.7,9986
"Spiral Gasket - Oil Pm 819",4784.30,2.7,9986
"Spiral Gasket - Oil Pm 819",4784.30,2.7,9986
"Hose Pipe - Cost Responsibility 389",4797.76,2.8,9986
"Hose Pipe - Cost Responsibility 389",4797.76,2.8,9986
"Spiral Gasket - Account Relate 522",4197.25,2.2,9985
"Spiral Gasket - Account Relate 522",4197.25,2.2,9985
"Rubber Gasket - Second Rather 533",4390.02,3,9985
"Seal Ring - Mrs Reality 833",5109.04,3,9984
"Air Filter - Behavior Former 462",6547.62,3.1,9984
"Rubber Gasket - Long Clearly 147",9450.88,3.2,9984
"Hose Pipe - Never Nearly 487",448.39,3.2,9984
"Rubber Gasket - They Everybody 705",9134.44,2.4,9984
"Tool Kit - He Lawyer 290",2185.58,2.5,9984
"Hydraulic Filter - Condition Space 718",7603.62,2.9,9984
"Spiral Gasket - Cut Benefit 222",7198.32,2.5,9984
"Spiral Gasket - Because Black 229",439.68,2.9,9984
"Tool Kit - He Lawyer 290",2185.58,2.5,9984
"Hose Pipe - Never Nearly 487",448.39,3.2,9984
"Rubber Gasket - They Everybody 705",9134.44,2.4,9984
"Seal Ring - Number Thus 112",2413.36,2.9,9984
"Spiral Gasket - Cut Benefit 222",7198.32,2.5,9984
"Spiral Gasket - Because Black 229",439.68,2.9,9984
"Hydraulic Filter - Condition Space 718",7603.62,2.9,9984
"Tool Kit - Skin Play 845",3275.38,3.4,9983
"Coupling - Seek Act 459",2906.62,2.2,9983
"Spiral Gasket - Evening Chair 644",8089.72,2.9,9983
"Ball Bearing - Century Various 149",4352.18,2.5,9983
"Coupling - Put Grow 776",266.10,2.7,9983
"Spiral Gasket - Evening Chair 644",8089.72,2.9,9983
"Coupling - Buy Century 505",5750.77,3.3,9982
"Ball Bearing - Well Sort 407",4116.37,3,9982
"Coupling - Remain Rich 418",2456.31,3.1,9982
"Spiral Gasket - Capital Cultural 409",5604.43,2.3,9982
"Coupling - Remain Rich 418",2456.31,3.1,9982
"Spiral Gasket - Capital Cultural 409",5604.43,2.3,9982
"Ball Bearing - Well Sort 407",4116.37,3,9982
"Coupling - Buy Century 505",5750.77,3.3,9982
"Hydraulic Filter - Prevent Put 126",1157.96,3.1,9982
"Clamp - Along Dark 286",2764.59,2.5,9982
"Tool Kit - High Civil 302",4173.92,3.3,9981
"Ball Bearing - Interest Under 861",6042.51,2.9,9981
"Tool Kit - Explain Baby 509",8053.19,3.2,9981
"Hose Pipe - Above Along 257",1599.83,2.8,9981
"Tool Kit - Explain Baby 509",8053.19,3.2,9981
"Coupling - Pretty Edge 798",2611.80,2.3,9981
"Hose Pipe - Above Along 257",1599.83,2.8,9981
"Ball Bearing - Traditional Recent 640",5369.74,2.7,9981
"Coupling - Budget Effect 738",8966.12,3.4,9980
"Ball Bearing - Couple Foot 251",5040.53,2.2,9980
"Hydraulic Filter - Part North 996",8038.06,2.9,9980
"Clamp - Draw Serve 441",7585.26,2.1,9980
"Rubber Gasket - Husband She 360",721.21,2.5,9980
"Seal Ring - Possible Quality 590",7108.21,3.2,9980
"Hydraulic Filter - Hard Hotel 380",2371.34,2.9,9980
"Hydraulic Filter - Part North 996",8038.06,2.9,9980
"Ball Bearing - Couple Foot 251",5040.53,2.2,9980
"Seal Ring - Against Food 215",6571.79,2.7,9979
"Ball Bearing - Couple Environmental 866",3556.36,3.2,9979
"Rubber Gasket - Same Page 683",4185.88,2,9978
"Rubber Gasket - Same Page 683",4185.88,2,9978
"Clamp - Approach Home 747",5427.01,3.3,9977
"Clamp - Approach Home 747",5427.01,3.3,9977
"Hose Pipe - Participant Head 953",8841.95,2.9,9977
"Coupling - Activity Both 277",8252.44,2.7,9976
"Spiral Gasket - Create If 314",3563.27,2.2,9976
"Coupling - Activity Both 277",8252.44,2.7,9976
"Spiral Gasket - Create If 314",3563.27,2.2,9976
"Ball Bearing - Responsibility Today 918",3699.76,2.7,9976
"Rubber Gasket - Official Improve 190",923.48,2.8,9975
"Rubber Gasket - Bank Trade 293",3198.53,2.3,9974
"Hydraulic Filter - Away Goal 413",9699.05,2.7,9974
"Air Filter - Tell Everybody 326",1505.47,3,9974
"Ball Bearing - Debate Seven 353",7958.18,2,9974
"Air Filter - Tell Everybody 326",1505.47,3,9974
"Ball Bearing - Clearly Low 610",2038.89,3.2,9973
"Rubber Gasket - Miss From 925",9306.89,3,9973
"Coupling - Music Clearly 364",6654.17,2,9973
"Rubber Gasket - Along Score 110",1392.06,2.2,9973
"Rubber Gasket - Soon Thank 415",8529.78,2.6,9973
"Ball Bearing - Water Cut 260",963.47,2.8,9973
"Hydraulic Filter - Similar Human 892",6688.11,2.9,9973
"Air Filter - Million Mission 898",761.63,2.7,9973
"Seal Ring - Future Oil 789",8134.92,2.6,9973
"Spiral Gasket - Before World 119",3932.31,2.8,9973
"Ball Bearing - Clearly Low 610",2038.89,3.2,9973
"Coupling - Music Clearly 364",6654.17,2,9973
"Rubber Gasket - Miss From 925",9306.89,3,9973
"Ball Bearing - Idea Middle 150",3049.53,2.1,9972
"Hydraulic Filter - Skill Add 593",5457.52,3,9972
"Ball Bearing - Idea Middle 150",3049.53,2.1,9972
"Seal Ring - Social News 168",7616.38,3.1,9972
"Seal Ring - Local Employee 712",968.04,2.6,9972
"Clamp - Similar Wrong 152",5201.31,2.5,9972
"Air Filter - Machine Wear 238",3462.67,2.1,9972
"Spiral Gasket - Work Animal 177",4790.37,2.5,9971
"Clamp - Though Without 345",2408.81,2.1,9971
"Hydraulic Filter - Every Police 962",9310.93,2.3,9971
"Hydraulic Filter - Point Now 529",4874.90,3.3,9971
"Hydraulic Filter - Rise As 561",8523.53,2.9,9971
"Hose Pipe - Operation Company 242",776.19,2.7,9971
"Hydraulic Filter - Every Police 962",9310.93,2.3,9971
"Hydraulic Filter - Rise As 561",8523.53,2.9,9971
"Hydraulic Filter - Point Now 529",4874.90,3.3,9971
"Rubber Gasket - Back Yet 478",6612.37,2.7,9970
"Seal Ring - These Instead 279",2333.08,3.2,9970
"Hose Pipe - Site Art 957",1799.59,2.8,9970
"Rubber Gasket - Back Yet 478",6612.37,2.7,9970
"Hose Pipe - Research Treatment 743",8799.71,2.2,9969
"Ball Bearing - Short Back 379",871.35,3.2,9969
"Air Filter - Stop Crime 803",2669.26,2.8,9969
"Hose Pipe - Science Institution 173",7344.46,2.7,9969
"Air Filter - Range Democratic 880",8036.22,3.3,9969
"Tool Kit - Live Peace 815",2396.52,2.1,9968
"Tool Kit - Glass Test 367",868.51,3.1,9968
"Seal Ring - Social Ball 737",5986.33,2.8,9967
"Air Filter - During Even 979",6776.19,2.3,9967
"Air Filter - Goal Civil 382",424.38,2.1,9967
"Coupling - Something Life 298",2132.12,2.2,9967
"Clamp - Hand War 901",2457.12,3.2,9967
"Clamp - Skin Analysis 973",5836.25,3.4,9967
"Rubber Gasket - Discover Wide 965",1341.36,2.5,9967
"Air Filter - Often Star 892",8520.53,2.9,9967
"Air Filter - During Even 979",6776.19,2.3,9967
"Seal Ring - Social Ball 737",5986.33,2.8,9967
"Clamp - Skin Analysis 973",5836.25,3.4,9967
"Air Filter - Often Star 892",8520.53,2.9,9967
"Rubber Gasket - Discover Wide 965",1341.36,2.5,9967
"Clamp - Hand War 901",2457.12,3.2,9967
"Hose Pipe - Account Do 972",8649.81,2.3,9966
"Hydraulic Filter - Deep Civil 955",6986.53,2.3,9966
"Rubber Gasket - Happen International 637",5249.08,2.8,9966
"Rubber Gasket - Sometimes Mrs 560",371.75,2.6,9966
"Hose Pipe - Account Do 972",8649.81,2.3,9966
"Coupling - Last Add 625",9373.93,2.3,9966
"Tool Kit - Where Offer 188",5524.06,3.4,9966
"Ball Bearing - Follow Black 314",4831.19,2.9,9966
"Hydraulic Filter - Win Cover 385",138.24,2.8,9966
"Seal Ring - Program Congress 234",5001.63,3.3,9966
"Hydraulic Filter - However Official 986",7598.30,2.5,9965
"Coupling - This Meet 986",6843.70,3.4,9965
"Rubber Gasket - Specific Computer 139",1156.62,2.7,9965
"Ball Bearing - Who Population 939",1997.69,3,9965
"Coupling - This Meet 986",6843.70,3.4,9965
"Rubber Gasket - Specific Computer 139",1156.62,2.7,9965
"Hydraulic Filter - However Official 986",7598.30,2.5,9965
"Ball Bearing - Who Population 939",1997.69,3,9965
"Ball Bearing - Discuss Can 864",6810.86,2.4,9964
"Air Filter - Level Hotel 496",2823.16,3.4,9964
"Ball Bearing - Discuss Can 864",6810.86,2.4,9964
"Rubber Gasket - His Sister 842",6311.49,3,9964
"Ball Bearing - It Stay 440",9502.83,2.1,9964
"Rubber Gasket - His Sister 842",6311.49,3,9964
"Air Filter - Level Hotel 496",2823.16,3.4,9964
"Ball Bearing - Current Responsibility 595",6405.01,2.9,9964
"Seal Ring - Store Information 938",4327.76,3.2,9963
"Coupling - Media Lay 727",3266.72,3,9963
"Air Filter - Book Material 152",2221.65,2.3,9963
"Hose Pipe - Much Can 854",2286.78,2.3,9963
"Air Filter - Might Only 908",9259.68,2.8,9963
"Air Filter - Might Only 908",9259.68,2.8,9963
"Hose Pipe - Join Shake 274",4290.23,3.4,9962
"Hose Pipe - Where Serious 270",5393.99,3.4,9962
"Coupling - Rate Law 796",1356.43,2.6,9962
"Hose Pipe - Join Shake 274",4290.23,3.4,9962
"Spiral Gasket - Animal Mr 250",4100.90,2.6,9962
"Spiral Gasket - Animal Mr 250",4100.90,2.6,9962
"Hose Pipe - Food Around 884",5307.44,2.2,9961
"Hose Pipe - Food Around 884",5307.44,2.2,9961
"Coupling - During Program 537",9872.41,2.1,9961
"Spiral Gasket - As Light 436",1571.16,2.5,9961
"Air Filter - Stock Rest 408",1077.89,2.6,9960
"Tool Kit - Particular Remain 215",3260.87,2.9,9960
"Seal Ring - Small Continue 621",1361.96,2.6,9960
"Hose Pipe - Blood Affect 963",6710.14,2.8,9960
"Hydraulic Filter - Two On 387",1611.26,2.3,9960
"Hydraulic Filter - Two On 387",1611.26,2.3,9960
"Hose Pipe - Me Idea 288",4341.76,2.9,9960
"Tool Kit - Particular Remain 215",3260.87,2.9,9960
"Seal Ring - Small Continue 621",1361.96,2.6,9960
"Hose Pipe - Me Idea 288",4341.76,2.9,9960
"Hose Pipe - Blood Affect 963",6710.14,2.8,9960
"Rubber Gasket - Notice Game 934",1035.51,2.6,9959
"Rubber Gasket - Computer Thousand 510",8695.90,2.6,9959
"Spiral Gasket - Into Accept 596",3979.18,2.4,9959
"Seal Ring - Respond Debate 314",3246.47,2.2,9959
"Tool Kit - Short Cause 247",3010.95,2.5,9959
"Spiral Gasket - Almost Treat 564",124.36,2.1,9959
"Tool Kit - Short Cause 247",3010.95,2.5,9959
"Spiral Gasket - Into Accept 596",3979.18,2.4,9959
"Rubber Gasket - Computer Thousand 510",8695.90,2.6,9959
"Rubber Gasket - Notice Game 934",1035.51,2.6,9959
"Air Filter - Friend School 783",5768.43,3,9959
"Air Filter - Friend School 783",5768.43,3,9959
"Air Filter - Seem Responsibility 714",6573.21,2.5,9958
"Clamp - Security House 193",3437.35,2.7,9958
"Hose Pipe - International As 209",6035.25,2.3,9958
"Air Filter - Seem Responsibility 714",6573.21,2.5,9958
"Air Filter - Its Present 346",3382.81,2.2,9958
"Hydraulic Filter - Around Make 592",7003.48,2.9,9958
"Spiral Gasket - Picture Small 885",7188.99,3,9958
"Hose Pipe - International As 209",6035.25,2.3,9958
"Clamp - Security House 193",3437.35,2.7,9958
"Hydraulic Filter - Around Make 592",7003.48,2.9,9958
"Air Filter - Its Present 346",3382.81,2.2,9958
"Spiral Gasket - Picture Small 885",7188.99,3,9958
"Ball Bearing - Whatever First 896",8914.71,3.3,9958
"Tool Kit - Man Science 870",8244.68,2.8,9957
"Rubber Gasket - Job Behind 860",5131.41,2.8,9957
"Spiral Gasket - Deal Against 432",642.30,2.6,9957
"Air Filter - Company Become 879",4235.00,2.7,9957
"Spiral Gasket - Whom Simple 482",2380.99,3,9957
"Clamp - Recent What 161",4164.44,3.2,9957
"Spiral Gasket - Deal Against 432",642.30,2.6,9957
"Air Filter - Company Become 879",4235.00,2.7,9957
"Seal Ring - Human Performance 463",9549.70,3.4,9957
"Hydraulic Filter - Look Mention 191",2014.67,2.3,9957
"Ball Bearing - Hard Prevent 174",6385.52,3.2,9957
"Clamp - Recent What 161",4164.44,3.2,9957
"Spiral Gasket - Whom Simple 482",2380.99,3,9957
"Hose Pipe - Black Big 236",8075.18,2.8,9956
"Tool Kit - Bit Wish 435",186.89,2.5,9956
"Tool Kit - Claim Attack 125",8222.23,3.2,9956
"Spiral Gasket - Energy Yet 346",5442.56,2.5,9956
"Tool Kit - Actually Edge 844",2788.03,2.3,9956
"Hydraulic Filter - Image Purpose 621",6058.09,3.4,9956
"Hydraulic Filter - Image Purpose 621",6058.09,3.4,9956
"Air Filter - Billion Green 213",389.67,2.9,9955
"Ball Bearing - Space Central 281",457.45,3.2,9955
"Ball Bearing - Space Central 281",457.45,3.2,9955
"Air Filter - Plan Low 253",1043.85,2.3,9955
"Air Filter - Billion Green 213",389.67,2.9,9955
"Air Filter - Plan Low 253",1043.85,2.3,9955
"Air Filter - Effect Marriage 531",7272.07,2.5,9954
"Ball Bearing - Work Book 583",7908.69,2,9954
"Ball Bearing - Although Have 220",5849.27,2.5,9954
"Ball Bearing - Notice Level 813",397.17,2.6,9954
"Ball Bearing - Main What 488",4562.33,3.3,9954
"Coupling - Contain Type 882",894.66,3.3,9954
"Air Filter - Effect Marriage 531",7272.07,2.5,9954
"Coupling - Contain Type 882",894.66,3.3,9954
"Ball Bearing - Although Have 220",5849.27,2.5,9954
"Ball Bearing - Notice Level 813",397.17,2.6,9954
"Ball Bearing - Main What 488",4562.33,3.3,9954
"Tool Kit - Visit Design 373",9114.24,2.2,9953
"Hose Pipe - Present Bed 599",8559.95,2.7,9953
"Seal Ring - Relationship Material 588",626.11,3.3,9953
"Hose Pipe - Hundred Board 956",3751.27,2.9,9953
"Clamp - Fill Long 324",9158.60,2.4,9952
"Rubber Gasket - Program Third 977",4477.65,2.5,9952
"Rubber Gasket - Program Third 977",4477.65,2.5,9952
"Clamp - Fill Long 324",9158.60,2.4,9952
"Rubber Gasket - Might Various 719",3643.29,3.3,9951
"Rubber Gasket - Car Adult 252",1991.19,3.3,9951
"Rubber Gasket - Home Eat 276",547.47,3.2,9951
"Rubber Gasket - Themselves Structure 815",5935.05,3.1,9951
"Spiral Gasket - Represent Ground 541",6422.35,2.4,9951
"Rubber Gasket - Themselves Structure 815",5935.05,3.1,9951
"Rubber Gasket - Might Various 719",3643.29,3.3,9951
"Rubber Gasket - Home Eat 276",547.47,3.2,9951
"Coupling - Research Investment 318",1241.68,3,9950
"Coupling - Research Investment 318",1241.68,3,9950
"Spiral Gasket - Suffer Manager 191",5258.65,3.2,9950
"Hydraulic Filter - Boy Bag 178",4803.23,2.7,9950
"Hydraulic Filter - Glass Lead 986",2155.97,2,9950
"Spiral Gasket - Suffer Manager 191",5258.65,3.2,9950
"Hydraulic Filter - Boy Bag 178",4803.23,2.7,9950
"Air Filter - Total Buy 952",2528.08,2.2,9950
"Air Filter - Power Involve 109",7585.44,2.1,9949
"Tool Kit - Week Station 814",6670.90,2.4,9949
"Rubber Gasket - Arrive Ok 438",5812.81,3.1,9949
"Spiral Gasket - World Realize 888",6811.11,2,9949
"Tool Kit - Week Station 814",6670.90,2.4,9949
"Spiral Gasket - World Realize 888",6811.11,2,9949
"Rubber Gasket - Arrive Ok 438",5812.81,3.1,9949
"Seal Ring - Life Down 320",1633.51,2.2,9949
"Coupling - Watch Particularly 435",4932.36,3,9948
"Coupling - Page Sometimes 273",9412.19,2.1,9948
"Hydraulic Filter - Idea Around 736",2983.60,2.9,9948
"Hose Pipe - Example Wonder 654",642.03,2.3,9948
"Coupling - Next Test 179",3416.96,2.6,9948
"Hydraulic Filter - Meeting Receive 951",4479.64,3,9948
"Rubber Gasket - In Trade 648",236.32,2.7,9948
"Coupling - Write Until 334",6625.64,2.1,9948
"Coupling - Page Sometimes 273",9412.19,2.1,9948
"Coupling - Watch Particularly 435",4932.36,3,9948
"Hydraulic Filter - Idea Around 736",2983.60,2.9,9948
"Hose Pipe - Example Wonder 654",642.03,2.3,9948
"Coupling - Write Until 334",6625.64,2.1,9948
"Ball Bearing - Poor Ask 938",8541.14,2.4,9947
"Coupling - Miss That 742",7612.27,3,9947
"Ball Bearing - Poor Ask 938",8541.14,2.4,9947
"Rubber Gasket - No Side 744",7807.64,3.2,9947
"Ball Bearing - Machine Yet 400",1131.48,3,9947
"Rubber Gasket - Value Else 632",6971.33,2.8,9946
"Tool Kit - Age Hot 666",964.12,2.7,9946
"Rubber Gasket - Pressure Hotel 438",7883.10,2.8,9946
"Tool Kit - Age Hot 666",964.12,2.7,9946
"Spiral Gasket - Allow Agent 722",7180.76,2.8,9946
"Rubber Gasket - Pressure Hotel 438",7883.10,2.8,9946
"Air Filter - Success Develop 356",9865.09,2.4,9945
"Air Filter - Either Goal 771",149.21,3.1,9945
"Air Filter - Success Develop 356",9865.09,2.4,9945
"Air Filter - Join Brother 357",3448.41,3.1,9944
"Spiral Gasket - Picture Time 959",6118.88,2.8,9944
"Hydraulic Filter - Evening Present 183",1245.53,2.7,9944
"Hose Pipe - Leave But 906",1526.30,3.2,9944
"Clamp - Music Vote 350",7014.20,3.4,9944
"Spiral Gasket - Picture Time 959",6118.88,2.8,9944
"Air Filter - Join Brother 357",3448.41,3.1,9944
"Seal Ring - Hit Employee 838",8208.18,2.8,9944
"Hydraulic Filter - Evening Present 183",1245.53,2.7,9944
"Hose Pipe - Leave But 906",1526.30,3.2,9944
"Coupling - Dog Cut 882",253.32,3.2,9943
"Spiral Gasket - Fire Someone 350",9824.42,2.7,9943
"Ball Bearing - Future Job 245",7611.90,3.3,9943
"Air Filter - American Chance 925",9879.05,2.3,9943
"Ball Bearing - Film Kitchen 187",5001.01,3.3,9943
"Coupling - Dog Cut 882",253.32,3.2,9943
"Spiral Gasket - Fire Someone 350",9824.42,2.7,9943
"Rubber Gasket - Now Move 635",4816.80,2.1,9942
"Air Filter - May New 929",937.13,3.4,9942
"Air Filter - May New 929",937.13,3.4,9942
"Coupling - Rate Result 588",644.56,2.3,9942
"Rubber Gasket - Now Move 635",4816.80,2.1,9942
"Coupling - Rate Result 588",644.56,2.3,9942
"Hose Pipe - Police Coach 928",6591.03,2.6,9942
"Air Filter - For Seat 884",5229.90,3.3,9942
"Air Filter - Participant Send 470",362.39,3.4,9942
"Rubber Gasket - Mind Part 428",9155.24,2,9942
"Clamp - Present Dream 959",478.31,3.3,9941
"Air Filter - Ready Soon 496",7916.82,3.2,9941
"Hydraulic Filter - Indicate Political 961",4419.75,3.4,9941
"Seal Ring - Thank Finish 622",3815.39,2.5,9941
"Hydraulic Filter - Soon In 563",6284.68,2.6,9941
"Tool Kit - Least Amount 463",8787.45,2.9,9941
"Tool Kit - Least Amount 463",8787.45,2.9,9941
"Seal Ring - Reduce Always 942",5255.02,2.9,9941
"Hydraulic Filter - Soon In 563",6284.68,2.6,9941
"Air Filter - Practice Five 121",6098.06,2.7,9941
"Air Filter - Scene Base 984",3585.47,3.1,9940
"Seal Ring - Door Technology 453",3327.01,2.8,9940
"Tool Kit - Type Husband 212",9769.95,2.8,9940
"Hydraulic Filter - Experience Through 760",657.01,2.1,9940
"Air Filter - Scene Base 984",3585.47,3.1,9940
"Seal Ring - Door Technology 453",3327.01,2.8,9940
"Hose Pipe - Charge Mother 420",2102.30,3,9939
"Hose Pipe - Charge Mother 420",2102.30,3,9939
"Ball Bearing - Office Apply 314",5248.91,3.4,9939
"Spiral Gasket - Man Political 226",3541.16,2.3,9939
"Ball Bearing - Seek Full 429",5504.27,2.3,9938
"Spiral Gasket - Explain Product 675",7678.25,2.2,9938
"Spiral Gasket - Explain Product 675",7678.25,2.2,9938
"Ball Bearing - Seek Full 429",5504.27,2.3,9938
"Coupling - Congress Guy 582",8321.79,2.5,9938
"Spiral Gasket - Draw Read 422",4318.04,2.8,9938
"Coupling - Learn Draw 307",1957.61,3.2,9937
"Hydraulic Filter - Else Kid 354",9725.63,3.4,9937
"Tool Kit - Grow Stay 194",374.87,2.8,9937
"Coupling - Learn Draw 307",1957.61,3.2,9937
"Hydraulic Filter - Else Kid 354",9725.63,3.4,9937
"Tool Kit - Grow Stay 194",374.87,2.8,9937
"Tool Kit - Out Agreement 325",3184.15,3,9936
"Clamp - Each Bad 485",6872.19,2.8,9936
"Tool Kit - Out Agreement 325",3184.15,3,9936
"Coupling - Sure Discuss 562",6044.09,3.1,9936
"Tool Kit - Bill Oil 175",777.95,2.2,9935
"Rubber Gasket - Consider Congress 761",481.43,3.3,9935
"Rubber Gasket - Consider Congress 761",481.43,3.3,9935
"Air Filter - Main National 754",8684.00,3.2,9935
"Air Filter - Main National 754",8684.00,3.2,9935
"Spiral Gasket - Although Moment 562",3325.27,3.1,9934
"Ball Bearing - Participant Black 269",7335.65,2.1,9934
"Spiral Gasket - Although Moment 562",3325.27,3.1,9934
"Seal Ring - Thought What 158",255.21,2.7,9934
"Ball Bearing - Participant Black 269",7335.65,2.1,9934
"Seal Ring - Group Quickly 173",4374.87,3.1,9934
"Air Filter - Various Himself 461",1372.37,2.2,9934
"Hydraulic Filter - Show Color 921",4620.84,3.4,9933
"Ball Bearing - World Local 746",8735.37,2.7,9933
"Hose Pipe - Road Mission 410",7482.17,3,9933
"Air Filter - Common Carry 456",6854.11,2.7,9933
"Hose Pipe - Floor Business 381",7351.55,3.2,9933
"Hose Pipe - Weight Sense 593",455.17,2.7,9933
"Air Filter - Animal Improve 264",9358.75,3.3,9933
"Seal Ring - Use Mean 408",4313.26,2.2,9933
"Hose Pipe - Weight Sense 593",455.17,2.7,9933
"Hose Pipe - Floor Business 381",7351.55,3.2,9933
"Air Filter - Animal Improve 264",9358.75,3.3,9933
"Tool Kit - Mind Alone 561",3591.22,2.3,9933
"Seal Ring - Use Mean 408",4313.26,2.2,9933
"Tool Kit - Around Message 541",3869.21,2.9,9932
"Rubber Gasket - Operation Choose 204",4237.79,2.3,9932
"Hydraulic Filter - Since Side 568",5352.79,2.4,9932
"Tool Kit - Around Message 541",3869.21,2.9,9932
"Hydraulic Filter - Since Side 568",5352.79,2.4,9932
"Rubber Gasket - Operation Choose 204",4237.79,2.3,9932
"Ball Bearing - Health Yard 805",7783.17,2.7,9931
"Hydraulic Filter - Effort Success 303",188.29,2.6,9931
"Air Filter - Tough Ahead 898",3290.20,2.3,9931
"Ball Bearing - Health Yard 805",7783.17,2.7,9931
"Hydraulic Filter - Effort Success 303",188.29,2.6,9931
"Air Filter - Tough Ahead 898",3290.20,2.3,9931
"Tool Kit - Management Beyond 646",3340.58,3.1,9930
"Ball Bearing - Occur Left 105",407.52,2.9,9930
"Hydraulic Filter - Song Home 257",9048.40,2.1,9930
"Ball Bearing - Occur Left 105",407.52,2.9,9930
"Hose Pipe - Medical Military 193",2862.21,3.1,9929
"Rubber Gasket - Kitchen Executive 401",847.45,3.3,9929
"Hose Pipe - Medical Military 193",2862.21,3.1,9929
"Air Filter - Box Live 610",7627.61,2.2,9929
"Rubber Gasket - Kitchen Executive 401",847.45,3.3,9929
"Clamp - Store Economy 260",750.84,2.2,9929
"Rubber Gasket - Always Activity 516",8384.95,2.1,9929
"Ball Bearing - Move How 607",6829.67,3.4,9928
"Hydraulic Filter - Nearly Candidate 778",3080.47,2.3,9928
"Air Filter - Someone White 465",3740.16,3.1,9928
"Ball Bearing - Commercial Suddenly 837",9610.38,3.3,9928
"Coupling - Eye Make 682",4117.75,3.1,9928
"Spiral Gasket - Today Impact 265",7824.19,2.4,9928
"Spiral Gasket - Official Course 489",8967.73,2.1,9928
"Coupling - Type Radio 728",3293.44,3.2,9928
"Seal Ring - Form Project 630",4595.85,3.2,9928
"Clamp - Eye Enjoy 569",9111.47,2.6,9928
"Clamp - Eye Enjoy 569",9111.47,2.6,9928
"Spiral Gasket - Today Impact 265",7824.19,2.4,9928
"Seal Ring - Form Project 630",4595.85,3.2,9928
"Coupling - Type Radio 728",3293.44,3.2,9928
"Spiral Gasket - Official Course 489",8967.73,2.1,9928
"Tool Kit - Own Wide 299",9320.34,2.3,9928
"Coupling - So Moment 516",62.79,3.1,9927
"Air Filter - Spend Choose 631",3389.25,2.8,9927
"Rubber Gasket - Sport Box 654",5993.32,2.1,9927
"Coupling - So Moment 516",62.79,3.1,9927
"Air Filter - Spend Choose 631",3389.25,2.8,9927
"Air Filter - Generation Wall 628",8847.21,3.2,9926
"Seal Ring - Check Project 994",58.12,2.4,9926
"Hydraulic Filter - Box Fly 634",3420.25,2.2,9926
"Air Filter - Particularly Store 492",9094.64,3,9926
"Seal Ring - Check Project 994",58.12,2.4,9926
"Air Filter - Generation Wall 628",8847.21,3.2,9926
"Air Filter - Particularly Store 492",9094.64,3,9926
"Hose Pipe - Choice Out 745",6481.57,3.2,9926
"Hydraulic Filter - Box Fly 634",3420.25,2.2,9926
"Hydraulic Filter - Cup Which 191",8011.25,3.3,9926
"Seal Ring - Lose Recognize 886",7138.47,2.3,9926
"Spiral Gasket - Mention Join 994",6739.31,2.5,9926
"Hose Pipe - Game New 568",1441.71,3,9925
"Rubber Gasket - Service Today 326",9131.19,3.2,9925
"Ball Bearing - Clearly Paper 111",6519.95,2.5,9925
"Ball Bearing - Clearly Paper 111",6519.95,2.5,9925
"Coupling - Adult Phone 248",2846.13,3.1,9925
"Coupling - Movement Idea 760",817.67,2.6,9925
"Rubber Gasket - World Nothing 232",8495.61,2.3,9924
"Hose Pipe - Kid Language 825",2119.45,2.1,9924
"Coupling - Thus Lose 713",7897.96,2.9,9924
"Rubber Gasket - World Nothing 232",8495.61,2.3,9924
"Hose Pipe - Kid Language 825",2119.45,2.1,9924
"Spiral Gasket - Fast Specific 266",3752.39,3.1,9923
"Hydraulic Filter - Stay True 979",2005.81,2.7,9923
"Hydraulic Filter - Stay True 979",2005.81,2.7,9923
"Spiral Gasket - Fast Specific 266",3752.39,3.1,9923
"Rubber Gasket - Deal Reach 162",4287.37,2.2,9923
"Rubber Gasket - Deal Reach 162",4287.37,2.2,9923
"Hose Pipe - Painting East 877",1635.10,2.5,9923
"Hose Pipe - Try Drug 234",6047.52,2.3,9923
"Clamp - However Type 480",7158.43,3.3,9922
"Tool Kit - Hundred Loss 464",8604.49,3.4,9922
"Tool Kit - Cell Push 174",1235.17,2.6,9922
"Coupling - Foreign Less 727",4411.29,2.1,9922
"Hydraulic Filter - Visit Law 966",2224.90,2,9922
"Rubber Gasket - Discussion American 642",7098.62,2.1,9922
"Rubber Gasket - Year Like 851",7744.31,2.7,9922
"Rubber Gasket - Discussion American 642",7098.62,2.1,9922
"Rubber Gasket - Year Like 851",7744.31,2.7,9922
"Hydraulic Filter - Visit Law 966",2224.90,2,9922
"Hydraulic Filter - End Fly 269",7773.72,3.1,9922
"Hydraulic Filter - Agree West 608",2687.12,3.4,9921
"Spiral Gasket - Low Member 649",3682.21,3.2,9921
"Tool Kit - Responsibility Mean 172",6545.10,3.2,9921
"Hydraulic Filter - Resource Exist 240",4399.87,3.4,9921
"Seal Ring - Bring Meeting 305",4715.95,3.3,9921
"Hydraulic Filter - Resource Exist 240",4399.87,3.4,9921
"Hydraulic Filter - Agree West 608",2687.12,3.4,9921
"Tool Kit - Responsibility Mean 172",6545.10,3.2,9921
"Hydraulic Filter - Staff Go 280",2806.83,2.2,9920
"Air Filter - Subject Imagine 855",4685.34,2.1,9920
"Seal Ring - Matter Allow 631",3837.28,2.8,9920
"Air Filter - Subject Imagine 855",4685.34,2.1,9920
"Air Filter - Believe All 984",6092.80,2.6,9920
"Air Filter - Believe All 984",6092.80,2.6,9920
"Hydraulic Filter - Staff Go 280",2806.83,2.2,9920
"Seal Ring - Matter Allow 631",3837.28,2.8,9920
"Spiral Gasket - Total Avoid 711",4311.68,3.3,9920
"Rubber Gasket - Husband Apply 643",4528.14,2.2,9919
"Clamp - Organization Across 240",3567.30,2.7,9919
"Tool Kit - Itself Use 371",6659.37,3.3,9919
"Air Filter - Network Blood 987",7788.05,3.4,9919
"Air Filter - Goal Reality 372",2855.87,2.9,9919
"Seal Ring - Game Sing 470",324.06,2.2,9919
"Seal Ring - Game Sing 470",324.06,2.2,9919
"Air Filter - Network Blood 987",7788.05,3.4,9919
"Air Filter - Goal Reality 372",2855.87,2.9,9919
"Tool Kit - Itself Use 371",6659.37,3.3,9919
"Air Filter - Know Often 667",892.28,3.1,9918
"Seal Ring - Executive Economic 896",8429.72,2.9,9918
"Ball Bearing - True Think 200",5732.75,3.4,9918
"Rubber Gasket - Environment Attack 619",1020.42,3.3,9918
"Ball Bearing - True Think 200",5732.75,3.4,9918
"Seal Ring - Smile Stand 436",2901.88,3.3,9917
"Seal Ring - Smile Stand 436",2901.88,3.3,9917
"Ball Bearing - Fine Money 482",6925.52,3.1,9917
"Ball Bearing - May Movie 236",9661.04,2.4,9917
"Tool Kit - Occur Market 356",4656.14,3,9917
"Clamp - Eye Provide 812",6014.97,3.1,9916
"Air Filter - Produce Voice 127",9156.46,3.1,9916
"Hydraulic Filter - Task Doctor 701",5382.68,2.4,9916
"Hose Pipe - Gun Total 513",1586.31,2.3,9916
"Hose Pipe - Gun Total 513",1586.31,2.3,9916
"Air Filter - Produce Voice 127",9156.46,3.1,9916
"Hydraulic Filter - Task Doctor 701",5382.68,2.4,9916
"Spiral Gasket - Drive Treatment 958",6639.79,2.6,9916
"Hydraulic Filter - Want Hard 684",3216.19,3.3,9916
"Hydraulic Filter - Because Skill 629",6493.58,2.4,9914
"Hydraulic Filter - Because Skill 629",6493.58,2.4,9914
"Hose Pipe - Attorney Not 632",1347.82,3.1,9913
"Spiral Gasket - Society To 384",7086.48,3.3,9913
"Spiral Gasket - Society To 384",7086.48,3.3,9913
"Ball Bearing - Make Official 916",1615.24,2.6,9913
"Air Filter - Available Individual 235",1312.58,2.6,9913
"Ball Bearing - Speak Surface 157",2063.10,3,9913
"Hose Pipe - Attorney Not 632",1347.82,3.1,9913
"Ball Bearing - Make Official 916",1615.24,2.6,9913
"Ball Bearing - Risk Hotel 145",3154.66,3.2,9913
"Rubber Gasket - Glass Research 680",9105.12,2.6,9912
"Rubber Gasket - Glass Research 680",9105.12,2.6,9912
"Spiral Gasket - Degree Cell 779",2877.19,3.1,9912
"Rubber Gasket - Ground Toward 435",967.83,2.4,9912
"Hydraulic Filter - Current Thought 141",3683.31,2.8,9912
"Clamp - Consumer Indicate 282",5304.03,3.2,9911
"Air Filter - Outside Bit 343",2641.55,3.4,9911
"Hydraulic Filter - Increase Pay 390",4055.46,2.7,9911
"Air Filter - Protect Example 285",291.77,2.2,9911
"Rubber Gasket - Beautiful Identify 959",4413.08,2.4,9911
"Seal Ring - Whom Human 384",855.32,2.2,9911
"Spiral Gasket - As Leg 888",3672.56,2.3,9911
"Spiral Gasket - As Leg 888",3672.56,2.3,9911
"Seal Ring - Whom Human 384",855.32,2.2,9911
"Hose Pipe - People Officer 819",1272.57,3,9910
"Hose Pipe - People Officer 819",1272.57,3,9910
"Seal Ring - Section Which 868",2648.43,2.2,9910
"Coupling - Indeed Everyone 388",3117.66,2.9,9910
"Clamp - Figure Cost 321",2325.68,2.8,9910
"Tool Kit - They Different 738",7474.57,2.3,9909
"Tool Kit - They Different 738",7474.57,2.3,9909
"Coupling - Put Us 870",9070.85,2.7,9909
"Tool Kit - Term Strategy 705",5335.06,3.3,9909
"Hose Pipe - Performance Hand 125",8363.48,2.4,9908
"Air Filter - Treatment Still 329",6653.38,2.7,9907
"Spiral Gasket - Next Event 200",6204.19,2.3,9907
"Air Filter - Stop On 334",2502.68,2.1,9907
"Seal Ring - Often Minute 713",4223.80,3,9907
"Tool Kit - Ground Congress 888",1756.81,2.7,9907
"Air Filter - Stop On 334",2502.68,2.1,9907
"Hose Pipe - Church Him 234",3390.78,2.6,9906
"Hose Pipe - Church Him 234",3390.78,2.6,9906
"Coupling - Sing Reduce 989",5468.94,2.2,9906
"Tool Kit - Appear Natural 954",8178.67,2.9,9906
"Tool Kit - Street Student 217",7971.84,2.2,9906
"Hydraulic Filter - Arrive Role 231",4041.42,3,9906
"Seal Ring - Both Catch 201",7595.09,3.3,9905
"Tool Kit - Ability Certain 276",7387.99,2.9,9905
"Hydraulic Filter - Serve Throughout 645",3189.21,3.2,9905
"Hydraulic Filter - Guess Politics 702",6268.39,2.7,9905
"Tool Kit - Agree Prove 627",1941.71,2.7,9905
"Ball Bearing - Authority Or 417",6629.55,2,9905
"Tool Kit - Agree Prove 627",1941.71,2.7,9905
"Hydraulic Filter - Serve Throughout 645",3189.21,3.2,9905
"Tool Kit - Ability Certain 276",7387.99,2.9,9905
"Hydraulic Filter - Guess Politics 702",6268.39,2.7,9905
"Seal Ring - Rise Development 437",3976.16,2,9904
"Tool Kit - Use Image 704",4778.89,3.4,9904
"Ball Bearing - Any Government 320",3035.58,2.7,9904
"Seal Ring - Rise Development 437",3976.16,2,9904
"Tool Kit - Use Image 704",4778.89,3.4,9904
"Coupling - Democratic Follow 278",3783.95,3.4,9903
"Tool Kit - Improve Voice 723",9773.59,2.3,9903
"Tool Kit - Improve Voice 723",9773.59,2.3,9903
"Coupling - Guy Right 649",3060.19,2.7,9903
"Coupling - Democratic Follow 278",3783.95,3.4,9903
"Air Filter - Season Nature 199",9612.47,2.6,9903
"Hydraulic Filter - Quite Finally 658",8904.19,3,9903
"Tool Kit - Place Night 115",3821.36,3.2,9902
"Seal Ring - Arm Force 946",7152.09,3.3,9901
"Hose Pipe - Couple Week 488",6850.69,3.2,9901
"Hose Pipe - Tend Wonder 923",7530.85,3.1,9901
"Seal Ring - Write Wide 556",4387.16,2.1,9901
"Rubber Gasket - Kitchen Wife 887",9644.09,3.3,9901
"Hydraulic Filter - View Child 780",6015.56,2.3,9901
"Seal Ring - Arm Force 946",7152.09,3.3,9901
"Hose Pipe - Couple Week 488",6850.69,3.2,9901
"Hose Pipe - Tend Wonder 923",7530.85,3.1,9901
"Seal Ring - Write Wide 556",4387.16,2.1,9901
"Spiral Gasket - Seven Family 727",9458.11,2.8,9901
"Tool Kit - Skin Trial 163",3711.29,3,9901
"Spiral Gasket - Answer Response 275",3294.69,2.3,9900
"Seal Ring - Form Against 844",2015.04,2,9900
"Clamp - Money Particularly 910",9400.30,2.8,9900
"Air Filter - Analysis Short 214",8418.04,3.3,9900
"Clamp - Money Particularly 910",9400.30,2.8,9900
"Seal Ring - Form Against 844",2015.04,2,9900
"Air Filter - Analysis Short 214",8418.04,3.3,9900
"Coupling - Article Us 831",3309.99,2.8,9899
"Tool Kit - Hot Image 294",3919.91,2.5,9899
"Tool Kit - Hot Image 294",3919.91,2.5,9899
"Rubber Gasket - Pm Role 310",5960.91,3.4,9899
"Air Filter - Thing Cultural 487",3709.47,3,9899
"Spiral Gasket - Tell Collection 332",877.72,2.1,9899
"Ball Bearing - Example For 437",9927.74,3.4,9899
"Ball Bearing - Live Yes 714",6128.51,2.9,9899
"Coupling - Article Us 831",3309.99,2.8,9899
"Hose Pipe - Upon Attorney 488",631.65,2.9,9898
"Seal Ring - No Reflect 965",5297.03,3.1,9898
"Seal Ring - No Reflect 965",5297.03,3.1,9898
"Hose Pipe - Upon Attorney 488",631.65,2.9,9898
"Spiral Gasket - Past Than 803",2189.27,2.3,9897
"Rubber Gasket - Teacher Including 595",9302.95,2.1,9897
"Spiral Gasket - Past Than 803",2189.27,2.3,9897
"Coupling - Doctor Near 149",1636.94,3.3,9896
"Coupling - Manager Story 129",1890.18,2.2,9896
"Spiral Gasket - Than Quality 358",8796.02,2.1,9896
"Spiral Gasket - Than Quality 358",8796.02,2.1,9896
"Coupling - Doctor Near 149",1636.94,3.3,9896
"Coupling - Manager Story 129",1890.18,2.2,9896
"Spiral Gasket - Republican Cut 497",1880.81,3.3,9896
"Clamp - Agent Run 338",675.96,3.3,9896
"Coupling - Very Wrong 421",8654.95,2.7,9895
"Coupling - Lot Station 678",6366.57,2.8,9894
"Ball Bearing - Mouth Follow 410",9958.47,2.3,9894
"Hose Pipe - Quality Good 813",1907.39,2.4,9894
"Tool Kit - Fall Day 406",2229.86,2.4,9894
"Tool Kit - Fall Day 406",2229.86,2.4,9894
"Hose Pipe - Add Night 386",9427.32,2.6,9893
"Hose Pipe - Add Night 386",9427.32,2.6,9893
"Tool Kit - Letter Inside 455",7883.56,3,9893
"Coupling - Adult Less 777",479.99,2.8,9893
"Clamp - Few Off 143",5515.40,2.8,9893
"Tool Kit - More Couple 457",7453.19,2.3,9893
"Tool Kit - Letter Inside 455",7883.56,3,9893
"Hose Pipe - Run Push 579",9293.56,3.2,9892
"Rubber Gasket - Particular The 484",1573.68,2.3,9892
"Ball Bearing - Measure Hour 343",8631.47,3.1,9892
"Clamp - Left Happy 585",2322.16,3.4,9892
"Hydraulic Filter - Little Order 736",7556.60,3,9892
"Coupling - Eye Everybody 743",9479.98,3.2,9892
"Hose Pipe - Run Push 579",9293.56,3.2,9892
"Rubber Gasket - Particular The 484",1573.68,2.3,9892
"Coupling - Eye Everybody 743",9479.98,3.2,9892
"Ball Bearing - Measure Hour 343",8631.47,3.1,9892
"Coupling - Relationship Wonder 964",4323.36,2.8,9891
"Coupling - Relationship Wonder 964",4323.36,2.8,9891
"Ball Bearing - Two Easy 327",7687.40,2.8,9891
"Coupling - Health System 474",3578.06,2.6,9891
"Hose Pipe - Direction Practice 822",7127.03,3.4,9890
"Spiral Gasket - Trouble Fund 717",5572.25,3.1,9890
"Hose Pipe - Data Central 387",4907.15,2.5,9890
"Clamp - Meeting Radio 303",4819.40,2.4,9890
"Hose Pipe - Data Central 387",4907.15,2.5,9890
"Clamp - Meeting Radio 303",4819.40,2.4,9890
"Spiral Gasket - Trouble Fund 717",5572.25,3.1,9890
"Spiral Gasket - Gas Five 254",1233.52,2.6,9889
"Hose Pipe - Everybody Bad 501",4401.78,3.4,9889
"Coupling - Pm Partner 947",7554.39,3.4,9889
"Hose Pipe - Everybody Bad 501",4401.78,3.4,9889
"Hydraulic Filter - Into Sport 146",4622.22,3.1,9887
"Hose Pipe - Responsibility Most 763",3197.60,2.3,9887
"Clamp - Something Study 105",3292.67,2.5,9887
"Clamp - Next Sign 644",5582.22,2.4,9887
"Coupling - News Ready 431",5120.49,2.9,9887
"Coupling - News Ready 431",5120.49,2.9,9887
"Hydraulic Filter - Into Sport 146",4622.22,3.1,9887
"Clamp - Something Study 105",3292.67,2.5,9887
"Hydraulic Filter - Practice Include 198",3230.48,2.9,9887
"Hose Pipe - Responsibility Most 763",3197.60,2.3,9887
"Clamp - Collection How 462",8686.34,3.4,9887
"Clamp - Next Sign 644",5582.22,2.4,9887
"Seal Ring - Finish Dog 966",1466.78,2.1,9887
"Seal Ring - Whether Such 787",1182.51,2.9,9887
"Hose Pipe - Building Foreign 149",4120.71,2.9,9887
"Seal Ring - End Knowledge 495",6827.82,3.2,9886
"Spiral Gasket - Itself Art 892",489.20,3.2,9886
"Seal Ring - End Knowledge 495",6827.82,3.2,9886
"Seal Ring - Kitchen View 223",623.44,2.1,9886
"Spiral Gasket - Itself Art 892",489.20,3.2,9886
"Rubber Gasket - Mother Business 835",9245.91,2,9886
"Seal Ring - Kitchen View 223",623.44,2.1,9886
"Rubber Gasket - Determine Yard 653",7933.34,2.3,9886
"Hose Pipe - Become Method 965",3689.54,2.2,9885
"Tool Kit - Pressure Eat 104",931.24,2.2,9885
"Air Filter - Cover Community 692",1784.97,2.6,9885
"Hydraulic Filter - These Arrive 380",8891.07,2.5,9885
"Spiral Gasket - Hospital Analysis 300",3111.04,2.6,9884
"Coupling - Parent Thousand 301",1426.81,2.5,9884
"Spiral Gasket - Big Quite 673",2131.36,2.8,9884
"Spiral Gasket - Big Quite 673",2131.36,2.8,9884
"Hose Pipe - Under Civil 366",2546.28,2.1,9884
"Hose Pipe - Under Civil 366",2546.28,2.1,9884
"Coupling - Parent Thousand 301",1426.81,2.5,9884
"Clamp - Project Continue 457",2692.37,3.2,9883
"Clamp - No Leg 769",2231.70,2.6,9883
"Air Filter - Language Common 284",1264.02,2.4,9883
"Clamp - Project Continue 457",2692.37,3.2,9883
"Clamp - No Leg 769",2231.70,2.6,9883
"Hydraulic Filter - Ask Together 200",1500.71,2.7,9883
"Ball Bearing - Impact Tend 236",9546.14,3.3,9883
"Air Filter - Language Common 284",1264.02,2.4,9883
"Hydraulic Filter - Former Student 106",7157.22,2.5,9882
"Coupling - Out Truth 237",8862.97,3.3,9882
"Ball Bearing - Example Country 689",3669.21,2,9882
"Ball Bearing - If Such 608",2321.36,3.3,9882
"Seal Ring - Raise Career 387",9314.77,2.6,9882
"Hydraulic Filter - Right Remember 791",3868.89,2.5,9882
"Spiral Gasket - Letter Maybe 672",2914.11,2.7,9882
"Spiral Gasket - Result Need 537",459.11,3.1,9882
"Spiral Gasket - Result Need 537",459.11,3.1,9882
"Seal Ring - Raise Career 387",9314.77,2.6,9882
"Ball Bearing - Example Country 689",3669.21,2,9882
"Ball Bearing - If Such 608",2321.36,3.3,9882
"Hydraulic Filter - Former Student 106",7157.22,2.5,9882
"Coupling - Out Truth 237",8862.97,3.3,9882
"Ball Bearing - After Strong 138",4048.09,2.4,9881
"Rubber Gasket - Maintain Even 207",2163.90,2.5,9881
"Ball Bearing - After Strong 138",4048.09,2.4,9881
"Ball Bearing - Indicate Protect 191",875.43,2.2,9881
"Clamp - Republican Buy 624",5808.40,3.1,9881
"Coupling - Behavior Grow 548",3369.90,2.7,9881
"Coupling - Special Visit 488",6148.81,3.3,9880
"Clamp - Something Summer 235",5128.36,2.3,9880
"Ball Bearing - Process Short 561",989.37,2.4,9880
"Rubber Gasket - Adult Serve 796",7180.35,2.8,9880
"Rubber Gasket - Them Response 501",9758.31,3.4,9880
"Clamp - Something Summer 235",5128.36,2.3,9880
"Rubber Gasket - Them Response 501",9758.31,3.4,9880
"Rubber Gasket - Adult Serve 796",7180.35,2.8,9880
"Hose Pipe - Field Shoulder 209",2717.23,2.1,9880
"Coupling - Message Business 238",9555.32,2.6,9880
"Ball Bearing - Process Short 561",989.37,2.4,9880
"Rubber Gasket - Major Grow 637",3207.08,2.2,9879
"Hydraulic Filter - Middle Wide 837",3467.12,2.6,9879
"Air Filter - Third Consumer 601",5343.73,3,9879
"Spiral Gasket - Audience Green 942",766.75,3.2,9879
"Spiral Gasket - Rock Value 602",1501.24,2.9,9879
"Tool Kit - Gas Government 730",5551.98,2.5,9879
"Air Filter - Third Consumer 601",5343.73,3,9879
"Rubber Gasket - Major Grow 637",3207.08,2.2,9879
"Hydraulic Filter - Middle Wide 837",3467.12,2.6,9879
"Spiral Gasket - Audience Green 942",766.75,3.2,9879
"Rubber Gasket - Bag People 331",6816.05,3.1,9878
"Coupling - Those Job 670",8399.52,3.1,9878
"Ball Bearing - According No 532",2231.43,2.5,9878
"Rubber Gasket - Produce Force 310",3374.93,2.4,9878
"Seal Ring - Every This 741",1402.47,3.2,9878
"Seal Ring - Budget Mouth 575",7941.74,2.2,9878
"Rubber Gasket - Require Bill 864",3609.06,2.8,9877
"Air Filter - Customer Or 634",7867.98,3.4,9877
"Tool Kit - Ten Peace 673",4798.81,2.6,9877
"Tool Kit - Director Ago 571",4203.22,3.2,9877
"Tool Kit - Ten Peace 673",4798.81,2.6,9877
"Hydraulic Filter - Material Weight 809",7527.84,2.1,9877
"Air Filter - Customer Or 634",7867.98,3.4,9877
"Tool Kit - Director Ago 571",4203.22,3.2,9877
"Spiral Gasket - Money Player 194",5097.89,3.4,9877
"Hydraulic Filter - Quality Quite 749",5482.25,2.6,9876
"Coupling - Degree Significant 902",4833.83,3,9876
"Coupling - Wind Image 196",4245.81,3.3,9876
"Seal Ring - Sing Common 431",5345.56,2.8,9876
"Coupling - Wind Image 196",4245.81,3.3,9876
"Coupling - Degree Significant 902",4833.83,3,9876
"Hose Pipe - Arrive Film 893",6412.09,2.9,9875
"Clamp - Risk Strategy 158",5962.29,2.7,9875
"Hose Pipe - Arrive Film 893",6412.09,2.9,9875
"Clamp - Risk Strategy 158",5962.29,2.7,9875
"Air Filter - Teach Production 210",1250.04,3.2,9874
"Coupling - Magazine Expert 347",5144.06,2.4,9874
"Air Filter - Sound Anyone 517",7872.65,2.7,9874
"Clamp - Nice Democratic 239",9890.18,2.7,9874
"Seal Ring - Week Fight 131",7976.47,2.7,9873
"Air Filter - Agency Physical 222",9819.15,2.2,9873
"Air Filter - Agency Physical 222",9819.15,2.2,9873
"Clamp - Society Just 577",4334.51,2.7,9873
"Hose Pipe - Two Less 978",4748.28,2.7,9873
"Seal Ring - Expert Think 362",8923.78,2.6,9872
"Hydraulic Filter - Two Body 588",7064.11,2.9,9872
"Seal Ring - Peace See 681",8659.35,2.3,9872
"Rubber Gasket - Of Knowledge 209",1638.28,2.6,9872
"Clamp - Reality Behind 754",7725.36,2.1,9872
"Coupling - Realize Office 393",8105.58,3.4,9872
"Seal Ring - Peace See 681",8659.35,2.3,9872
"Spiral Gasket - Out Before 903",6170.70,2.1,9872
"Spiral Gasket - Out Before 903",6170.70,2.1,9872
"Ball Bearing - Speech Major 932",5916.81,2.3,9871
"Clamp - Player Need 288",134.37,2.8,9871
"Ball Bearing - Into Spring 560",4300.50,2.1,9871
"Rubber Gasket - Partner Kitchen 125",9229.26,2.6,9871
"Tool Kit - Class Possible 843",9386.84,2.4,9870
"Coupling - Cell Just 357",7446.25,3.4,9870
"Hose Pipe - Return Such 739",1013.49,3,9870
"Rubber Gasket - Simple Director 811",7559.00,3.4,9870
"Coupling - Money Recent 897",5259.33,3.4,9870
"Spiral Gasket - Bit Six 155",9722.14,2.9,9870
"Coupling - Money Recent 897",5259.33,3.4,9870
"Rubber Gasket - Simple Director 811",7559.00,3.4,9870
"Coupling - Job Fall 529",2210.46,3.2,9869
"Tool Kit - Represent Here 975",5596.94,2.2,9869
"Seal Ring - Dream Group 355",2622.23,2.1,9869
"Clamp - Anyone National 344",1777.48,2.1,9869
"Tool Kit - Poor Thing 435",4545.57,2.9,9869
"Seal Ring - Argue Serious 791",617.49,2.4,9869
"Spiral Gasket - Relationship Process 628",1208.67,2.3,9869
"Air Filter - Design Great 333",7151.90,2.9,9869
"Clamp - Mrs Window 819",9772.18,2.1,9869
"Ball Bearing - Candidate City 766",1881.08,2.3,9869
"Clamp - Collection Standard 536",763.34,2.3,9869
"Coupling - Job Fall 529",2210.46,3.2,9869
"Tool Kit - Represent Here 975",5596.94,2.2,9869
"Coupling - Both Cell 765",9804.51,2.9,9868
"Spiral Gasket - Try Probably 457",8570.94,2.7,9868
"Spiral Gasket - Much Mouth 718",775.26,2.7,9868
"Coupling - Both Cell 765",9804.51,2.9,9868
"Coupling - Make Around 655",1209.95,2.6,9868
"Hose Pipe - Under Free 325",7916.49,2.8,9868
"Clamp - Hair Many 941",1378.55,2.6,9868
"Spiral Gasket - Try Probably 457",8570.94,2.7,9868
"Spiral Gasket - Much Mouth 718",775.26,2.7,9868
"Rubber Gasket - Ten Beyond 979",3179.84,2.6,9868
"Rubber Gasket - Yard Reason 612",7764.94,2.4,9867
"Hose Pipe - Important Entire 149",525.94,2.3,9867
"Ball Bearing - Whatever Focus 187",8009.27,3.3,9867
"Ball Bearing - Whatever Focus 187",8009.27,3.3,9867
"Ball Bearing - Generation Represent 138",6856.48,2.8,9867
"Hydraulic Filter - Despite Sea 422",2998.19,2.6,9866
"Coupling - Least All 336",4788.14,2.1,9866
"Tool Kit - Exactly Before 930",7947.45,2.7,9866
"Tool Kit - Exactly Before 930",7947.45,2.7,9866
"Seal Ring - Space That 322",9973.51,3.1,9865
"Ball Bearing - Amount Onto 130",8984.86,3.2,9865
"Seal Ring - Space That 322",9973.51,3.1,9865
"Air Filter - Figure Face 192",1879.80,2.2,9865
"Ball Bearing - Amount Onto 130",8984.86,3.2,9865
"Air Filter - Data Himself 186",5505.84,2.5,9865
"Seal Ring - Offer Special 294",3935.10,2.7,9865
"Tool Kit - Say Make 896",8470.45,3.1,9864
"Clamp - Bill Degree 422",2735.55,2.3,9863
"Tool Kit - Someone Per 839",9496.03,3.4,9863
"Clamp - Like Heart 309",6250.47,2,9863
"Spiral Gasket - Old Try 822",7005.08,3,9863
"Spiral Gasket - Old Try 822",7005.08,3,9863
"Seal Ring - During According 670",2722.24,3.2,9863
"Spiral Gasket - Report Sense 864",6695.71,2.8,9863
"Clamp - Land Rate 321",4626.21,2.8,9863
"Seal Ring - During According 670",2722.24,3.2,9863
"Spiral Gasket - Report Sense 864",6695.71,2.8,9863
"Rubber Gasket - Change Share 707",9045.27,2.8,9862
"Coupling - Piece Company 121",976.44,2.5,9862
"Ball Bearing - Sport Remain 587",3761.51,2.5,9862
"Ball Bearing - Mind Well 886",4942.28,3.4,9862
"Rubber Gasket - Billion Take 527",9738.93,2.4,9862
"Hydraulic Filter - Local Heavy 899",3139.25,2.4,9862
"Rubber Gasket - Represent Woman 686",8953.73,3.2,9862
"Rubber Gasket - Change Share 707",9045.27,2.8,9862
"Rubber Gasket - Finally Traditional 288",1951.50,2.2,9862
"Rubber Gasket - Billion Take 527",9738.93,2.4,9862
"Rubber Gasket - Finally Traditional 288",1951.50,2.2,9862
"Ball Bearing - Mind Well 886",4942.28,3.4,9862
"Spiral Gasket - Ok Quickly 472",5548.11,2.4,9861
"Hydraulic Filter - Record Why 549",3180.25,2.6,9861
"Tool Kit - Summer Feel 974",7890.01,2.7,9861
"Rubber Gasket - Over Religious 875",8265.57,2.7,9861
"Rubber Gasket - List Radio 186",1610.27,3.1,9861
"Rubber Gasket - List Radio 186",1610.27,3.1,9861
"Spiral Gasket - Ok Quickly 472",5548.11,2.4,9861
"Rubber Gasket - Over Religious 875",8265.57,2.7,9861
"Tool Kit - Summer Feel 974",7890.01,2.7,9861
"Hydraulic Filter - Record Why 549",3180.25,2.6,9861
"Spiral Gasket - New Fine 442",7698.71,2.4,9861
"Air Filter - Will Week 939",1901.09,2.1,9861
"Clamp - Speech Radio 620",4778.25,2.9,9860
"Rubber Gasket - Eat Soldier 380",6515.35,3,9860
"Hose Pipe - Keep Care 978",7074.37,3.1,9860
"Clamp - Same Financial 188",4369.17,2.1,9860
"Clamp - Same Financial 188",4369.17,2.1,9860
"Spiral Gasket - Within Exist 378",7852.43,3.2,9860
"Ball Bearing - Program Consider 760",5142.89,2.2,9859
"Ball Bearing - Program Consider 760",5142.89,2.2,9859
"Ball Bearing - Long Less 903",8736.96,2.8,9858
"Hydraulic Filter - Now A 942",7818.46,3.3,9858
"Spiral Gasket - North Already 642",7688.02,2.8,9858
"Ball Bearing - Long Less 903",8736.96,2.8,9858
"Clamp - Resource Say 688",887.28,2.3,9858
"Rubber Gasket - Wait Memory 597",9782.65,2.9,9858
"Spiral Gasket - Wear Stay 225",1590.46,2.5,9858
"Tool Kit - After Building 605",5595.17,2.8,9858
"Rubber Gasket - Bad Tend 613",6270.85,2,9858
"Rubber Gasket - Wait Memory 597",9782.65,2.9,9858
"Clamp - Resource Say 688",887.28,2.3,9858
"Spiral Gasket - North Already 642",7688.02,2.8,9858
